A101,A102,A103,A104,A105,A106,A107,A108,A109
A201,A202,A203,A204,A205,A206,A207,A208,A209
A301,A302,A303,A304,A305,A306,A307,A308,A309
A401,A402,A403,A404,A405,A406,A407,A408,A409
B101,B102,B103,B104,B105,B106,B107,B108,B109
B201,B202,B203,B204,B205,B206,B207,B208,B209
B301,B302,B303,B304,B305,B306,B307,B308,B309
B401,B402,B403,B404,B405,B406,B407,B408,B409
C101,C102,C103,C104,C105,C106,C107,C108,C109
C201,C202,C203,C204,C205,C206,C207,C208,C209
C301,C302,C303,C304,C305,C306,C307,C308,C309
C401,C402,C403,C404,C405,C406,C407,C408,C409
D101,D102,D103,D104,D105,D106,D107,D108,D109
D201,D202,D203,D204,D205,D206,D207,D208,D209
D301,D302,D303,D304,D305,D306,D307,D308,D309
D401,D402,D403,D404,D405,D406,D407,D408,D409
D501,D502,D503,D504,D505,D506,D507,D508,D509
E101,E102,E103,E104,E105,E106,E107,E108,E109
E201,E202,E203,E204,E205,E206,E207,E208,E209
E301,E302,E303,E304,E305,E306,E307,E308,E309
E401,E402,E403,E404,E405,E406,E407,E408,E409
E501,E502,E503,E504,E505,E506,E507,E508,E509
F101,F102,F103,F104,F105,F106,F107,F108,F109
F201,F202,F203,F204,F205,F206,F207,F208,F209
F301,F302,F303,F304,F305,F306,F307,F308,F309
F401,F402,F403,F404,F405,F406,F407,F408,F409
G101,G102,G103,G104,G105,G106,G107,G108,G109
G201,G202,G203,G204,G205,G206,G207,G208,G209
G301,G302,G303,G304,G305,G306,G307,G308,G309
G401,G402,G403,G404,G405,G406,G407,G408,G409
G501,G502,G503,G504,G505,G506,G507,G508,G509
G601,G602,G603,G604,G605,G606,G607,G608,G609
G701,G702,G703,G704,G705,G706,G707,G708,G709
G801,G802,G803,G804,G805,G806,G807,G808,G809
G901,G902,G903,G904,G905,,,,
H101,H102,H103,H104,H105,H106,H107,H108,H109
H201,H202,H203,H204,H205,H206,H207,H208,H209
H301,H302,H303,H304,H305,H306,H307,H308,H309
H401,H402,H403,H404,H405,H406,H407,H408,H409
H501,H502,H503,H504,H505,H506,H507,H508,H509
H601,H602,H603,H604,H605,H606,H607,H608,H609
H701,H702,H703,H704,H705,H706,H707,H708,H709
I101,I102,I103,I104,I105,I106,I107,I108,I109
I201,I202,I203,I204,I205,I206,I207,I208,I209
I301,I302,I303,I304,I305,I306,I307,I308,I309
I401,I402,I403,I404,I405,I406,I407,I408,I409
I501,I502,I503,I504,I505,I506,I507,I508,I509
I601,I602,I603,I604,I605,I606,I607,I608,I609
I701,I702,I703,I704,I705,I706,I707,I708,I709
J101,J102,J103,J104,J105,J106,J107,J108,J109
J201,J202,J203,J204,J205,J206,J207,J208,J209
J301,J302,J303,J304,J305,J306,J307,J308,J309
J401,J402,J403,J404,J405,J406,J407,J408,J409
J501,J502,J503,J504,J505,J506,J507,J508,J509
J601,J602,J603,J604,J605,J606,J607,J608,J609
J701,J702,J703,J704,J705,J706,J707,J708,J709
K101,K102,K103,K104,K105,K106,K107,K108,K109
K201,K202,K203,K204,K205,K206,K207,K208,K209
K301,K302,K303,K304,K305,K306,K307,K308,K309
K401,K402,K403,K404,K405,K406,K407,K408,K409
K501,K502,K503,K504,K505,K506,K507,K508,K509
K601,K602,K603,K604,K605,K606,K607,K608,K609
K701,K702,K703,K704,K705,K706,K707,K708,K709